SN.,Email
0,kristin20@hotmail.com
1,morar.maurice@yahoo.com
2,weimann.brock@fay.com
3,maymie.upton@hotmail.com
4,britney43@gmail.com
5,roob.tyrique@yahoo.com
6,harvey.cummings@gmail.com
7,willms.alexis@rippin.info
8,howell.mckenna@jast.info
9,percival.durgan@gmail.com
10,gwilliamson@yahoo.com
11,zetta52@yahoo.com
12,alfonso.pouros@schoen.net
13,hagenes.wilford@hand.biz
14,jamar.conn@gmail.com
15,zwalker@hotmail.com
16,junior.langworth@leannon.org
17,bmcglynn@gmail.com
18,kiara28@leuschke.com
19,jordyn.reichel@ledner.com
20,marcella59@feeney.com
21,gboehm@gmail.com
22,joey66@terry.com
23,buck70@gmail.com
24,caitlyn54@vonrueden.com
25,zwalter@cormier.com
26,reid35@hotmail.com
27,weimann.levi@gmail.com
28,klein.delfina@gmail.com
29,weissnat.khalil@gmail.com
30,eladio.borer@hotmail.com
31,lula.wolff@yahoo.com
